{"cameraMode":{"drawMode":0,"name":"Shaded","section":"Shading Mode"},"sceneLighting":false,"audioPlay":false,"sceneViewState":{"showFog":true,"showMaterialUpdate":false,"showSkybox":true,"showFlares":true,"showImageEffects":true,"showParticleSystems":true},"in2DMode":false,"pivot":{"x":3.9230000972747804,"y":0.5,"z":3.8989999294281008},"rotation":{"x":-0.05769643560051918,"y":-0.9101119637489319,"z":0.3872765004634857,"w":-0.13558891415596009},"size":2.8578851222991945,"orthographic":false}