{"cameraMode":{"drawMode":0,"name":"Shaded","section":"Shading Mode"},"sceneLighting":false,"audioPlay":false,"sceneViewState":{"showFog":true,"showMaterialUpdate":false,"showSkybox":true,"showFlares":true,"showImageEffects":true,"showParticleSystems":true},"in2DMode":false,"pivot":{"x":-1.7400000095367432,"y":0.6000000238418579,"z":2.0199999809265138},"rotation":{"x":0.034020908176898959,"y":0.926893413066864,"z":-0.3635779023170471,"w":0.08673214912414551},"size":0.6298580169677734,"orthographic":false}