{"cameraMode":{"drawMode":0,"name":"Shaded","section":"Shading Mode"},"sceneLighting":false,"audioPlay":false,"sceneViewState":{"showFog":true,"showMaterialUpdate":false,"showSkybox":true,"showFlares":true,"showImageEffects":true,"showParticleSystems":true},"in2DMode":false,"pivot":{"x":3.9230000972747804,"y":0.5,"z":3.8989999294281008},"rotation":{"x":-0.3684830963611603,"y":-0.20333074033260346,"z":0.08294259756803513,"w":-0.9033257365226746},"size":2.8578848838806154,"orthographic":false}