{"cameraMode":{"drawMode":0,"name":"Shaded","section":"Shading Mode"},"sceneLighting":false,"audioPlay":false,"sceneViewState":{"showFog":true,"showMaterialUpdate":false,"showSkybox":true,"showFlares":true,"showImageEffects":true,"showParticleSystems":true},"in2DMode":false,"pivot":{"x":-1.7400000095367432,"y":0.6000000238418579,"z":2.0199999809265138},"rotation":{"x":-0.304390549659729,"y":-0.009431511163711548,"z":0.003014200134202838,"w":-0.9524958729743958},"size":0.6298580169677734,"orthographic":false}