{"cameraMode":{"drawMode":0,"name":"Shaded","section":"Shading Mode"},"sceneLighting":false,"audioPlay":false,"sceneViewState":{"showFog":true,"showMaterialUpdate":false,"showSkybox":true,"showFlares":true,"showImageEffects":true,"showParticleSystems":true},"in2DMode":false,"pivot":{"x":3.6599998474121095,"y":0.5,"z":-2.549999952316284},"rotation":{"x":-0.304390549659729,"y":-0.009431511163711548,"z":0.003014200134202838,"w":-0.9524958729743958},"size":2.8578834533691408,"orthographic":false}