{"cameraMode":{"drawMode":0,"name":"Shaded","section":"Shading Mode"},"sceneLighting":true,"audioPlay":false,"sceneViewState":{"showFog":true,"showMaterialUpdate":true,"showSkybox":true,"showFlares":true,"showImageEffects":true,"showParticleSystems":true},"in2DMode":false,"pivot":{"x":-6.277912139892578,"y":-4.852680206298828,"z":7.858570098876953},"rotation":{"x":-0.2103232890367508,"y":0.22411032021045686,"z":-0.04960045963525772,"w":-0.9503044486045837},"size":27.150293350219728,"orthographic":false}