{"cameraMode":{"drawMode":0,"name":"Shaded","section":"Shading Mode"},"sceneLighting":true,"audioPlay":false,"sceneViewState":{"showFog":true,"showMaterialUpdate":false,"showSkybox":true,"showFlares":true,"showImageEffects":true,"showParticleSystems":true},"in2DMode":false,"pivot":{"x":0.9244838953018189,"y":-7.907602310180664,"z":-25.509075164794923},"rotation":{"x":0.017829449847340585,"y":0.9454523324966431,"z":-0.32100555300712588,"w":0.05251116678118706},"size":30.49274253845215,"orthographic":false}